{
  "symptom": {
    "precision": 0.8571428571428571,
    "recall": 1.0,
    "f1-score": 0.923076923076923,
    "support": 6,
    "confused_with": {}
  },
  "gender": {
    "precision": 1.0,
    "recall": 1.0,
    "f1-score": 1.0,
    "support": 7,
    "confused_with": {}
  },
  "choice": {
    "precision": 1.0,
    "recall": 0.85,
    "f1-score": 0.9189189189189189,
    "support": 20,
    "confused_with": {
      "age": 3
    }
  },
  "name": {
    "precision": 0.9375,
    "recall": 1.0,
    "f1-score": 0.967741935483871,
    "support": 15,
    "confused_with": {}
  },
  "age": {
    "precision": 0.6666666666666666,
    "recall": 1.0,
    "f1-score": 0.8,
    "support": 6,
    "confused_with": {}
  },
  "micro avg": {
    "precision": 0.9107142857142857,
    "recall": 0.9444444444444444,
    "f1-score": 0.9272727272727271,
    "support": 54
  },
  "macro avg": {
    "precision": 0.8922619047619047,
    "recall": 0.97,
    "f1-score": 0.9219475554959425,
    "support": 54
  },
  "weighted avg": {
    "precision": 0.9297288359788359,
    "recall": 0.9444444444444444,
    "f1-score": 0.9302401657240367,
    "support": 54
  }
}