{
  "symptom": {
    "precision": 0.6666666666666666,
    "recall": 1.0,
    "f1-score": 0.8,
    "support": 6,
    "confused_with": {}
  },
  "gender": {
    "precision": 1.0,
    "recall": 1.0,
    "f1-score": 1.0,
    "support": 7,
    "confused_with": {}
  },
  "choice": {
    "precision": 1.0,
    "recall": 0.85,
    "f1-score": 0.9189189189189189,
    "support": 20,
    "confused_with": {
      "age": 3
    }
  },
  "age": {
    "precision": 0.625,
    "recall": 1.0,
    "f1-score": 0.7692307692307693,
    "support": 5,
    "confused_with": {}
  },
  "name": {
    "precision": 1.0,
    "recall": 1.0,
    "f1-score": 1.0,
    "support": 14,
    "confused_with": {}
  },
  "micro avg": {
    "precision": 0.8909090909090909,
    "recall": 0.9423076923076923,
    "f1-score": 0.9158878504672897,
    "support": 52
  },
  "macro avg": {
    "precision": 0.8583333333333332,
    "recall": 0.97,
    "f1-score": 0.8976299376299377,
    "support": 52
  },
  "weighted avg": {
    "precision": 0.9254807692307693,
    "recall": 0.9423076923076923,
    "f1-score": 0.9235486966256197,
    "support": 52
  }
}