{
  "name": {
    "precision": 0.9333333333333333,
    "recall": 1.0,
    "f1-score": 0.9655172413793104,
    "support": 14,
    "confused_with": {}
  },
  "age": {
    "precision": 1.0,
    "recall": 0.4,
    "f1-score": 0.5714285714285715,
    "support": 5,
    "confused_with": {
      "choice": 3
    }
  },
  "choice": {
    "precision": 0.8695652173913043,
    "recall": 1.0,
    "f1-score": 0.9302325581395349,
    "support": 20,
    "confused_with": {}
  },
  "symptom": {
    "precision": 0.6666666666666666,
    "recall": 1.0,
    "f1-score": 0.8,
    "support": 6,
    "confused_with": {}
  },
  "gender": {
    "precision": 1.0,
    "recall": 1.0,
    "f1-score": 1.0,
    "support": 7,
    "confused_with": {}
  },
  "micro avg": {
    "precision": 0.875,
    "recall": 0.9423076923076923,
    "f1-score": 0.9074074074074073,
    "support": 52
  },
  "macro avg": {
    "precision": 0.8939130434782608,
    "recall": 0.8800000000000001,
    "f1-score": 0.8534356741894834,
    "support": 52
  },
  "weighted avg": {
    "precision": 0.893422519509476,
    "recall": 0.9423076923076923,
    "f1-score": 0.8995968346008442,
    "support": 52
  }
}